<?xml version="1.0" encoding="utf-8" ?>

<appml>
<datasource>
<database>
<connection>AppmlDemo</connection>

<execute>CREATE TABLE Suppliers (SupplierID INT NOT NULL AUTO_INCREMENT,PRIMARY KEY (SupplierID),SupplierName NVARCHAR(255),ContactName NVARCHAR(255),Address NVARCHAR(255),City NVARCHAR(255),PostalCode NVARCHAR(255),Country NVARCHAR(255),Phone NVARCHAR(255))</execute>
<execute>INSERT INTO Suppliers (SupplierName,ContactName,Address,City,PostalCode,Country,Phone) VALUES ("Exotic Liquid","Charlotte Cooper","49 Gilbert St.","Londona","EC1 4SD","UK","(171) 555-2222")</execute> 
<execute>INSERT INTO Suppliers (SupplierName,ContactName,Address,City,PostalCode,Country,Phone) VALUES ("New Orleans Cajun Delights","Shelley Burke","P.O. Box 78934","New Orleans","70117","USA","(100) 555-4822")</execute> 
<execute>INSERT INTO Suppliers (SupplierName,ContactName,Address,City,PostalCode,Country,Phone) VALUES ("Grandma Kelly's Homestead","Regina Murphy","707 Oxford Rd.","Ann Arbor","48104","USA","(313) 555-5735")</execute> 
<execute>INSERT INTO Suppliers (SupplierName,ContactName,Address,City,PostalCode,Country,Phone) VALUES ("Tokyo Traders","Yoshi Nagase","9-8 Sekimai Musashino-shi","Tokyo","100","Japan","(03) 3555-5011")</execute> 
<execute>INSERT INTO Suppliers (SupplierName,ContactName,Address,City,PostalCode,Country,Phone) VALUES ("Cooperativa de Quesos 'Las Cabras'","Antonio del Valle Saavedra ","Calle del Rosal 4","Oviedo","33007","Spain","(98) 598 76 54")</execute> 
<execute>INSERT INTO Suppliers (SupplierName,ContactName,Address,City,PostalCode,Country,Phone) VALUES ("Mayumi's","Mayumi Ohno","92 Setsuko Chuo-ku","Osaka","545","Japan","(06) 431-7877")</execute> 
<execute>INSERT INTO Suppliers (SupplierName,ContactName,Address,City,PostalCode,Country,Phone) VALUES ("Pavlova, Ltd.","Ian Devling","74 Rose St. Moonie Ponds","Melbourne","3058","Australia","(03) 444-2343")</execute> 
<execute>INSERT INTO Suppliers (SupplierName,ContactName,Address,City,PostalCode,Country,Phone) VALUES ("Specialty Biscuits, Ltd.","Peter Wilson","29 King's Way","Manchester","M14 GSD","UK","(161) 555-4448")</execute> 
<execute>INSERT INTO Suppliers (SupplierName,ContactName,Address,City,PostalCode,Country,Phone) VALUES ("PB Knäckebröd AB","Lars Peterson","Kaloadagatan 13","Göteborg","S-345 67","Sweden ","031-987 65 43")</execute> 
<execute>INSERT INTO Suppliers (SupplierName,ContactName,Address,City,PostalCode,Country,Phone) VALUES ("Refrescos Americanas LTDA","Carlos Diaz","Av. das Americanas 12.890","São Paulo","5442","Brazil","(11) 555 4640")</execute> 
<execute>INSERT INTO Suppliers (SupplierName,ContactName,Address,City,PostalCode,Country,Phone) VALUES ("Heli Süßwaren GmbH &amp; Co. KG","Petra Winkler","Tiergartenstraße 5","Berlin","10785","Germany","(010) 9984510")</execute> 
<execute>INSERT INTO Suppliers (SupplierName,ContactName,Address,City,PostalCode,Country,Phone) VALUES ("Plutzer Lebensmittelgroßmärkte AG","Martin Bein","Bogenallee 51","Frankfurt","60439","Germany","(069) 992755")</execute> 
<execute>INSERT INTO Suppliers (SupplierName,ContactName,Address,City,PostalCode,Country,Phone) VALUES ("Nord-Ost-Fisch Handelsgesellschaft mbH","Sven Petersen","Frahmredder 112a","Cuxhaven","27478","Germany","(04721) 8713")</execute> 
<execute>INSERT INTO Suppliers (SupplierName,ContactName,Address,City,PostalCode,Country,Phone) VALUES ("Formaggi Fortini s.r.l.","Elio Rossi","Viale Dante, 75","Ravenna","48100","Italy","(0544) 60323")</execute> 
<execute>INSERT INTO Suppliers (SupplierName,ContactName,Address,City,PostalCode,Country,Phone) VALUES ("Norske Meierier","Beate Vileid","Hatlevegen 5","Sandvika","1320","Norway","(0)2-953010")</execute> 
<execute>INSERT INTO Suppliers (SupplierName,ContactName,Address,City,PostalCode,Country,Phone) VALUES ("Bigfoot Breweries","Cheryl Saylor","3400 - 8th Avenue Suite 210","Bend","97101","USA","(503) 555-9931")</execute> 
<execute>INSERT INTO Suppliers (SupplierName,ContactName,Address,City,PostalCode,Country,Phone) VALUES ("Svensk Sjöföda AB","Michael Björn","Brovallavägen 231","Stockholm","S-123 45","Sweden","08-123 45 67")</execute> 
<execute>INSERT INTO Suppliers (SupplierName,ContactName,Address,City,PostalCode,Country,Phone) VALUES ("Aux joyeux ecclésiastiques","Guylène Nodier","203, Rue des Francs-Bourgeois","Paris","75004","France","(1) 03.83.00.68")</execute> 
<execute>INSERT INTO Suppliers (SupplierName,ContactName,Address,City,PostalCode,Country,Phone) VALUES ("New England Seafood Cannery","Robb Merchant","Order Processing Dept. 2100 Paul Revere Blvd.","Boston","02134","USA","(617) 555-3267")</execute> 
<execute>INSERT INTO Suppliers (SupplierName,ContactName,Address,City,PostalCode,Country,Phone) VALUES ("Leka Trading","Chandra Leka","471 Serangoon Loop, Suite #402","Singapore","0512","Singapore","555-8787")</execute> 
<execute>INSERT INTO Suppliers (SupplierName,ContactName,Address,City,PostalCode,Country,Phone) VALUES ("Lyngbysild","Niels Petersen","Lyngbysild Fiskebakken 10","Lyngby","2800","Denmark","43844108")</execute> 
<execute>INSERT INTO Suppliers (SupplierName,ContactName,Address,City,PostalCode,Country,Phone) VALUES ("Zaanse Snoepfabriek","Dirk Luchte","Verkoop Rijnweg 22","Zaandam","9999 ZZ","Netherlands","(12345) 1212")</execute> 
<execute>INSERT INTO Suppliers (SupplierName,ContactName,Address,City,PostalCode,Country,Phone) VALUES ("Karkki Oy","Anne Heikkonen","Valtakatu 12","Lappeenranta","53120","Finland","(953) 10956")</execute> 
<execute>INSERT INTO Suppliers (SupplierName,ContactName,Address,City,PostalCode,Country,Phone) VALUES ("G'day, Mate","Wendy Mackenzie","170 Prince Edward Parade Hunter's Hill","Sydney","2042","Australia","(02) 555-5914")</execute> 
<execute>INSERT INTO Suppliers (SupplierName,ContactName,Address,City,PostalCode,Country,Phone) VALUES ("Ma Maison","Jean-Guy Lauzon","2960 Rue St. Laurent","Montréal","H1J 1C3","Canada","(514) 555-9022")</execute> 
<execute>INSERT INTO Suppliers (SupplierName,ContactName,Address,City,PostalCode,Country,Phone) VALUES ("Pasta Buttini s.r.l.","Giovanni Giudici","Via dei Gelsomini, 153","Salerno","84100","Italy","(089) 6547665")</execute> 
<execute>INSERT INTO Suppliers (SupplierName,ContactName,Address,City,PostalCode,Country,Phone) VALUES ("Escargots Nouveaux","Marie Delamare","22, rue H. Voiron","Montceau","71300","France","85.57.00.07")</execute> 
<execute>INSERT INTO Suppliers (SupplierName,ContactName,Address,City,PostalCode,Country,Phone) VALUES ("Gai pâturage","Eliane Noz","Bat. B 3, rue des Alpes","Annecy","74000","France","38.76.98.06")</execute> 
<execute>INSERT INTO Suppliers (SupplierName,ContactName,Address,City,PostalCode,Country,Phone) VALUES ("Forêts d'érables","Chantal Goulet","148 rue Chasseur","Ste-Hyacinthe","J2S 7S8","Canada","(514) 555-2955")</execute> 

<sql>SELECT * FROM Suppliers</sql>
</database>
</datasource>
</appml>