<?xml version="1.0" encoding="ISO-8859-1" ?>

<appml>
<datasource>
<database>
<connection>AppmlDemo</connection>

<execute>CREATE TABLE Categories (CategoryID INT IDENTITY,CategoryName NVARCHAR(255),Description NVARCHAR(255))</execute>
<execute>INSERT INTO Categories (CategoryName,Description) VALUES ("Beverages","Soft drinks, coffees, teas, beers, and ales")</execute>
<execute>INSERT INTO Categories (CategoryName,Description) VALUES ("Condiments","Sweet and savory sauces, relishes, spreads, and seasonings")</execute>
<execute>INSERT INTO Categories (CategoryName,Description) VALUES ("Confections","Desserts, candies, and sweet breads")</execute>
<execute>INSERT INTO Categories (CategoryName,Description) VALUES ("Dairy Products","Cheeses")</execute>
<execute>INSERT INTO Categories (CategoryName,Description) VALUES ("Grains/Cereals","Breads, crackers, pasta, and cereal")</execute>
<execute>INSERT INTO Categories (CategoryName,Description) VALUES ("Meat/Poultry","Prepared meats")</execute>
<execute>INSERT INTO Categories (CategoryName,Description) VALUES ("Produce","Dried fruit and bean curd")</execute>
<execute>INSERT INTO Categories (CategoryName,Description) VALUES ("Seafood","Seaweed and fish")</execute>
<sql>SELECT * FROM Categories</sql>

</database>
</datasource>
</appml>