<?xml version="1.0" encoding="ISO-8859-1" ?>

<appml>
<datasource>
<database>
<connection>AppmlDemo</connection>

<execute>CREATE TABLE Shippers (ShipperID INT IDENTITY,ShipperName NVARCHAR(255),Phone NVARCHAR(255))</execute>
<execute>INSERT INTO Shippers (ShipperName,Phone) VALUES ("Speedy Express","(503) 555-9831")</execute> 
<execute>INSERT INTO Shippers (ShipperName,Phone) VALUES ("United Package","(503) 555-3199")</execute> 
<execute>INSERT INTO Shippers (ShipperName,Phone) VALUES ("Federal Shipping","(503) 555-9931")</execute> 
<sql>SELECT * FROM Shippers</sql>

</database>
</datasource>
</appml> 