<?xml version="1.0" encoding="ISO-8859-1" ?>

<appml>
<datasource>
<database>
<connection>AppmlSecurity</connection>

<execute>CREATE TABLE AppmlUsers (UserID INT IDENTITY,Email NVARCHAR(255),Name NVARCHAR(255),Pass NVARCHAR(255))</execute> 
<execute>INSERT INTO AppmlUsers (Email,Name,Pass) VALUES ("admin@somewhere.com","admin","admin")</execute>
<execute>INSERT INTO AppmlUsers (Email,Name,Pass) VALUES ("user@somewhere.com","user","user")</execute>
<execute>INSERT INTO AppmlUsers (Email,Name,Pass) VALUES ("guest@somewhere.com","guest","guest")</execute>
<sql>SELECT * FROM AppmlUsers</sql>

</database>
</datasource>
</appml>