<?xml version="1.0" encoding="ISO-8859-1" ?>

<appml>
<datasource>
<database>
<connection>AppmlSecurity</connection>

<execute>CREATE TABLE AppmlUserRoles (UserRoleID INT IDENTITY,UserID INT,RoleID INT)</execute>
<execute>INSERT INTO AppmlUserRoles (UserID,RoleID) VALUES (1,1)</execute>
<execute>INSERT INTO AppmlUserRoles (UserID,RoleID) VALUES (2,2)</execute>
<execute>INSERT INTO AppmlUserRoles (UserID,RoleID) VALUES (3,3)</execute>
<sql>SELECT * FROM AppmlUserRoles</sql>

</database>
</datasource>
</appml>